Group_ID,Center_Lat,Center_Lon,ground_truth_gvi,predicted_gvi,grid_id,distance_m
1,18.79832055555556,98.95238277777776,52.3959,46.92884704833602,cmu_grid_08761,1.79102585201335
2,18.79832333333333,98.95227083333334,63.6692,47.08364151986826,cmu_grid_08603,3.4426652715733965
3,18.79872083333333,98.95239883333332,71.5051,47.194324222697055,cmu_grid_08765,3.3097892236970115
4,18.799814166666664,98.95237166666666,40.1064,45.52040988275919,cmu_grid_08777,5.033783763717185
5,18.80164166666667,98.95386833333332,46.97,39.0912569134679,cmu_grid_11524,6.187641282122629
6,18.80451833333333,98.95377166666668,84.2299,45.22248349746647,cmu_grid_11384,6.980948241786093
7,18.80485,98.95299,59.1884,45.63073127628026,cmu_grid_09835,3.2711878407817805
8,18.80590237777778,98.95219096666666,68.4905,49.01462681777898,cmu_grid_08531,2.579326182973939
9,18.80636215,98.9524195,44.7724,47.507479169929006,cmu_grid_08850,3.131809258502022
10,18.8063775,98.95133,29.5104,48.179522500739566,cmu_grid_07219,2.256383266231803
11,18.80721583333333,98.95152166666668,53.2369,42.73996112161936,cmu_grid_07376,9.188789949427651
12,18.807972777777778,98.95081055555556,63.1997,49.48605622507393,cmu_grid_06322,7.829337931200075
13,18.799456111111112,98.94924277777778,58.5271,46.21862613851351,cmu_grid_03667,5.30533790290386
14,18.795903016666664,98.9528397,15.4312,31.908530086154737,cmu_grid_09564,3.806580352131946
15,18.796211666666668,98.95314055555556,59.6079,49.273928639582,cmu_grid_10087,4.716066978332167
16,18.795227675,98.95230720541666,12.2739,35.912095740392196,cmu_grid_08569,3.2974570031341934
17,18.79525333333333,98.95195833333334,20.6105,38.29539229472954,cmu_grid_07963,4.020746058118398
18,18.795339444444448,98.95124777777778,12.8369,30.77340129688365,cmu_grid_06946,1.4175124200935272
19,18.79406833333333,98.95276833333332,20.6761,38.526793005584814,cmu_grid_09373,1.790246652937127
20,18.793726666666668,98.95300611111112,36.9465,29.133217761025243,cmu_grid_09712,4.443763545146305
21,18.793741666666666,98.95249033333332,41.5159,41.332398601719035,cmu_grid_08871,2.372278279341628
22,18.794093333333333,98.95279125,28.2287,38.526793005584814,cmu_grid_09373,2.0452219056855028
23,18.79443291666667,98.95251375,36.2248,27.83090327265804,cmu_grid_08879,2.692876082351009
24,18.79492,98.95246066666668,40.8242,27.628925619189996,cmu_grid_08884,4.424554054049165
25,18.796969166666667,98.9522875,40.2892,49.238876191502186,cmu_grid_08588,1.6472599135452066
26,18.79685083333333,98.95134875,39.2127,47.42316777472855,cmu_grid_07114,3.6498737948862376
27,18.797197500000003,98.95157583333332,42.5638,43.904151879344255,cmu_grid_07416,6.066255568678343
28,18.79804147777778,98.95109118888888,9.6844,34.48984167311716,cmu_grid_06672,3.2315166406013347
29,18.798181666666668,98.95076888888887,17.3364,37.98721487307142,cmu_grid_06214,3.9969655245658555
30,18.798791666666663,98.950285,50.682,36.72140145403641,cmu_grid_05447,2.828633707134323
33,18.80043833333333,98.9481,51.3683,31.96805679326792,cmu_grid_01703,4.431298434073342
34,18.80255333333333,98.94836666666666,40.9088,33.524894727707725,cmu_grid_02154,5.368227914699825
35,18.803069166666667,98.9479375,38.0777,40.78064595943149,cmu_grid_01463,4.569942406615545
36,18.80399618333333,98.94744243333334,30.1129,31.36711937014671,cmu_grid_00816,3.47143830255875
37,18.80451833333333,98.94703333333334,38.8143,34.53435633729367,cmu_grid_00383,7.142843328753053
38,18.8042875,98.94800916666668,26.8576,37.03766585205348,cmu_grid_01611,2.2923106401356916
39,18.804554566666667,98.9475777,26.2182,31.565218880593203,cmu_grid_00952,2.8376344838290537
40,18.8043087,98.9472881,43.6774,38.688979220330246,cmu_grid_00573,2.6730281195506427
41,18.80721833333333,98.94742333333332,34.3854,42.17867711525027,cmu_grid_00851,5.357024495399625
42,18.807335,98.948245,50.2525,46.33059533889069,cmu_grid_01917,4.639154077105524
43,18.807501666666667,98.94910666666668,60.3782,48.81983847620597,cmu_grid_03418,6.29764259667817
44,18.80833833333333,98.94913333333334,55.6884,49.60240869170134,cmu_grid_03597,4.461683217582857
45,18.80853055555556,98.95016611111112,61.8513,49.70279588933037,cmu_grid_05238,5.782571263949774
46,18.80789103333333,98.95056398333332,59.3197,43.97510613747544,cmu_grid_06014,3.557740687350806
47,18.806525,98.95233363333332,43.7414,45.03233143774547,cmu_grid_08694,5.059860314130694
48,18.80658916666667,98.9530339,40.3297,49.97495823418927,cmu_grid_10027,4.712278926984418
50,18.80395166666667,98.95197166666668,56.223,44.0470258940752,cmu_grid_08204,5.228035864710171
51,18.803236666666667,98.95113333333332,33.4262,47.595052567432106,cmu_grid_06881,4.280645414460022
52,18.8026728,98.95057468888888,33.7816,36.20440126331699,cmu_grid_05956,1.9812445117982653
53,18.80038888888889,98.9510022222222,46.3379,43.21148569996368,cmu_grid_06545,3.992707926066726
